CAPM,Name,SAPMG,GAPM,SAPM
9.333333333333334,Sabine,0.6,1.2,1.8
3.3333333333333335,Andreas,1.2666666666666666,1.0666666666666667,2.3333333333333335
0.0,[SYSTEM],0.0,0.0,0.0
14.933333333333334,Dieter,0.5333333333333333,0.3333333333333333,0.8666666666666667
8.4,Michael,1.6666666666666667,1.6666666666666667,3.3333333333333335
25.266666666666666,Helmut,0.5333333333333333,0.9333333333333333,1.4666666666666666
5.4,Gisela,0.06666666666666667,0.2,0.26666666666666666
7.066666666666666,Anna,0.26666666666666666,0.9333333333333333,1.2
35.0,Maria,0.9333333333333333,2.1333333333333333,3.066666666666667
