CAPM,Name,SAPMG,GAPM,SAPM
53.0,Ursula,0.06666666666666667,0.0,0.06666666666666667
0.0,[SYSTEM],0.0,0.0,0.0
12.066666666666666,Thomas,0.13333333333333333,0.0,0.13333333333333333
15.2,Günter,0.6666666666666666,0.0,0.6666666666666666
4.866666666666666,Erika,0.8666666666666667,0.0,0.8666666666666667
14.133333333333333,Manfred,0.6,0.0,0.6
10.733333333333333,Monika,0.9333333333333333,0.0,0.9333333333333333
3.2,Andrea,0.0,0.0,0.0
10.0,Walter,0.2,0.0,0.2
